area	recipient	year	amount	multiyear	notes
Criminal Justice	Administrative Office of the Courts of the State of Kentucky – Division of Pretrial Services	2012	171003	year	Grant period: 2012
Criminal Justice	Administrative Office of the Courts of the State of Kentucky – Division of Pretrial Services	2013	25434	multi-year	Grant period: 2013 - 2015
Criminal Justice	Aleph Institute, Inc.	2016	50000	year	Grant period: 2016
Criminal Justice	American Academy of Forensic Sciences	2015	1534000	multi-year	Grant period: 2015 - 2021
Criminal Justice	American Association for the Advancement of Science	2014	200000	multi-year	Grant period: 2014 - 2017
Criminal Justice	American Bar Association Fund for Justice and Education	2018	656153	multi-year	Grant period: 2018 - 2020
Criminal Justice	American Civil Liberties Union Foundation, Inc.	2015	791000	multi-year	Grant period: 2015 - 2019
Criminal Justice	American Society of Crime Laboratory Directors, Inc.	2016	331138	multi-year	Grant period: 2016 - 2018
Criminal Justice	Arizona State University	2013	575502	multi-year	Grant period: 2013 - 2022
Criminal Justice	Arizona State University Foundation for a New American University	2015	105462	multi-year	Grant period: 2015 - 2017
Criminal Justice	Arizona State University Foundation for a New American University	2015	497575	multi-year	Grant period: 2015 - 2017
Criminal Justice	Arizona State University Foundation for a New American University	2017	461039	multi-year	Grant period: 2017 - 2019
Criminal Justice	Association of Prosecuting Attorneys, Inc.	2014	560812	multi-year	Grant period: 2014 - 2017
Criminal Justice	Association of Prosecuting Attorneys, Inc.	2016	249061	multi-year	Grant period: 2016 - 2017
Criminal Justice	Association of Prosecuting Attorneys, Inc.	2017	150000	multi-year	Grant period: 2017 - 2019
Criminal Justice	Behavioral Ideas Lab, Inc.	2013	225250	multi-year	Grant period: 2013 - 2014
Criminal Justice	Behavioral Ideas Lab, Inc.	2013	399993	multi-year	Grant period: 2013 - 2014
Criminal Justice	Behavioral Ideas Lab, Inc.	2016	55000	multi-year	Grant period: 2016 - 2017
Criminal Justice	Bowling Green State University	2016	439965	multi-year	Grant period: 2016 - 2018
Criminal Justice	Brown University	2016	18627	multi-year	Grant period: 2016 - 2017
Criminal Justice	Camden Coalition of Healthcare Providers	2014	270053	multi-year	Grant period: 2014 - 2015
Criminal Justice	Camden Coalition of Healthcare Providers	2017	439762	multi-year	Grant period: 2017 - 2018
Criminal Justice	City of Long Beach	2017	557124	multi-year	Grant period: 2017 - 2020
Criminal Justice	City of Long Beach	2018	491211	multi-year	Grant period: 2018 - 2021
Criminal Justice	Code for America Labs, Inc.	2013	300000	multi-year	Grant period: 2013 - 2014
Criminal Justice	Code for America Labs, Inc.	2013	90000	multi-year	Grant period: 2013 - 2014
Criminal Justice	Code for America Labs, Inc.	2016	2400000	multi-year	Grant period: 2016 - 2018
Criminal Justice	Code for America Labs, Inc.	2017	562962	multi-year	Grant period: 2017 - 2020
Criminal Justice	Corporation for Supportive Housing	2016	485000	multi-year	Grant period: 2016 - 2019
Criminal Justice	Council of State Governments	2014	29841	multi-year	Grant period: 2014 - 2016
Criminal Justice	Council of State Governments Justice Center, Inc.	2012	50000	multi-year	Grant period: 2012 - 2013
Criminal Justice	County of Travis Justice & Public Safety Division – Criminal Justice Planning	2013	69012	multi-year	Grant period: 2013 - 2015
Criminal Justice	Dane County Criminal Justice Council	2016	166566	multi-year	Grant period: 2016 - 2017
Criminal Justice	Dane County Criminal Justice Council	2017	197043	year	Grant period: 2017
Criminal Justice	DataKind, Inc.	2014	42644	multi-year	Grant period: 2014 - 2015
Criminal Justice	Dream Corps	2016	99498	year	Grant period: 2016
Criminal Justice	Drug Policy Alliance	2017	50000	multi-year	Grant period: 2017 - 2018
Criminal Justice	Duke University	2017	300000	multi-year	Grant period: 2017 - 2020
Criminal Justice	Duke University	2017	87507	multi-year	Grant period: 2017 - 2018
Criminal Justice	Fund for the City of New York, Inc.	2017	355602	multi-year	Grant period: 2017 - 2019
Criminal Justice	Fund for the City of New York, Inc.	2017	72571	multi-year	Grant period: 2017 - 2018
Criminal Justice	George Mason University Foundation, Inc.	2015	165685	multi-year	Grant period: 2015 - 2016
Criminal Justice	George Mason University Foundation, Inc.	2015	346800	multi-year	Grant period: 2015 - 2016
Criminal Justice	George Mason University Foundation, Inc.	2015	579208	multi-year	Grant period: 2015 - 2018
Criminal Justice	George Mason University Foundation, Inc.	2016	348411	multi-year	Grant period: 2016 - 2018
Criminal Justice	Hawaii Department of Public Safety	2013	685658	multi-year	Grant period: 2013 - 2016
Criminal Justice	Houston Forensic Science LGC, Inc.	2013	75000	multi-year	Grant period: 2013 - 2014
Criminal Justice	Indiana University	2013	9366	multi-year	Grant period: 2013 - 2015
Criminal Justice	Innocence Project, Inc.	2011	200000	multi-year	Grant period: 2011 - 2012
Criminal Justice	Innocence Project, Inc.	2012	600000	multi-year	Grant period: 2012 - 2015
Criminal Justice	Innocence Project, Inc.	2016	400000	multi-year	Grant period: 2016 - 2018
Criminal Justice	Institute for Behavior and Health, Inc.	2014	187151	multi-year	Grant period: 2014 - 2016
Criminal Justice	Institute for Justice	2016	559705	multi-year	Grant period: 2016 - 2019
Criminal Justice	International Association of Chiefs of Police, Inc.	2014	20000	year	Grant period: 2014
Criminal Justice	International Association of Chiefs of Police, Inc.	2014	311974	multi-year	Grant period: 2014 - 2016
Criminal Justice	International Association of Chiefs of Police, Inc.	2015	1333268	multi-year	Grant period: 2015 - 2019
Criminal Justice	International Association of Chiefs of Police, Inc.	2016	215995	multi-year	Grant period: 2016 - 2017
Criminal Justice	Iowa City	2017	350506	multi-year	Grant period: 2017 - 2020
Criminal Justice	Iowa State University of Science and Technology	2016	382434	multi-year	Grant period: 2016 - 2020
Criminal Justice	Johns Hopkins University	2014	218170	multi-year	Grant period: 2014 - 2015
Criminal Justice	Johnson County Sheriff’s Office	2017	52736	multi-year	Grant period: 2017 - 2020
Criminal Justice	Justice Education Center, Inc.	2015	65000	multi-year	Grant period: 2015 - 2016
Criminal Justice	Justice System Partners	2014	1337430	multi-year	Grant period: 2014 - 2016
Criminal Justice	Justice System Partners	2016	250000	year	Grant period: 2016
Criminal Justice	Justice System Partners	2016	75000	year	Grant period: 2016
Criminal Justice	Juvenile Law Center	2015	232800	multi-year	Grant period: 2015 - 2017
Criminal Justice	Juvenile Law Center	2016	15000	year	Grant period: 2016
Criminal Justice	Juvenile Law Center	2017	1293771	multi-year	Grant period: 2017 - 2020
Criminal Justice	Lawyers? Committee for Civil Rights Under Law	2017	1345160	multi-year	Grant period: 2017 - 2020
Criminal Justice	Legal Aid Justice Center	2017	70000	multi-year	Grant period: 2017 - 2018
Criminal Justice	Loughborough University	2016	125737	multi-year	Grant period: 2016 - 2017
Criminal Justice	Louisiana Public Defender Board	2015	119551	multi-year	Grant period: 2015 - 2017
Criminal Justice	Louisville Jefferson County Metro Government	2015	100000	multi-year	Grant period: 2015 - 2018
Criminal Justice	Louisville Jefferson County Metro Government and Office of the Commonwealth’s Attorney	2014	339750	multi-year	Grant period: 2014 - 2017
Criminal Justice	MDRC	2017	88869	multi-year	Grant period: 2017 - 2018
Criminal Justice	MDRC	2017	888812	multi-year	Grant period: 2017 - 2019
Criminal Justice	MDRC	2018	650637	multi-year	Grant period: 2018 - 2020
Criminal Justice	Major Cities Chiefs Association	2015	43146	multi-year	Grant period: 2015 - 2016
Criminal Justice	Measures for Justice Institute	2016	2084725	multi-year	Grant period: 2016 - 2019
Criminal Justice	National Academy of Sciences	2013	384403	multi-year	Grant period: 2013 - 2015
Criminal Justice	National Academy of Sciences	2015	113976	multi-year	Grant period: 2015 - 2016
Criminal Justice	National Academy of Sciences	2015	541946	multi-year	Grant period: 2015 - 2017
Criminal Justice	National Academy of Sciences	2017	303738	multi-year	Grant period: 2017 - 2018
Criminal Justice	National Association for Public Defense, Inc.	2016	147730	multi-year	Grant period: 2016 - 2017
Criminal Justice	National Association of Counties Research Foundation	2017	125000	multi-year	Grant period: 2017 - 2018
Criminal Justice	National Center for Civic Innovation, Inc.	2015	1038814	multi-year	Grant period: 2015 - 2017
Criminal Justice	National Center for State Courts	2015	1519822	multi-year	Grant period: 2015 - 2019
Criminal Justice	National Conference of State Legislatures	2012	132520	multi-year	Grant period: 2012 - 2013
Criminal Justice	National Conference of State Legislatures	2013	123657	multi-year	Grant period: 2013 - 2014
Criminal Justice	National Conference of State Legislatures	2014	78210	multi-year	Grant period: 2014 - 2015
Criminal Justice	National Conference of State Legislatures	2015	111400	multi-year	Grant period: 2015 - 2016
Criminal Justice	National Conference of State Legislatures	2017	190617	multi-year	Grant period: 2017 - 2018
Criminal Justice	National Council on Crime and Delinquency	2015	331133	multi-year	Grant period: 2015 - 2019
Criminal Justice	National Criminal Justice Association	2016	1202985	multi-year	Grant period: 2016 - 2018
Criminal Justice	National Governors Association Center for Best Practices	2016	1249047	multi-year	Grant period: 2016 - 2019
Criminal Justice	New York University	2015	25000	multi-year	Grant period: 2015 - 2016
Criminal Justice	New York University	2016	1657303	multi-year	Grant period: 2016 - 2018
Criminal Justice	New York University	2016	2026130	multi-year	Grant period: 2016 - 2018
Criminal Justice	New York University	2016	245842	multi-year	Grant period: 2016 - 2020
Criminal Justice	New York University	2016	327670	multi-year	Grant period: 2016 - 2019
Criminal Justice	Open Justice Broker Consortium	2014	236685	multi-year	Grant period: 2014 - 2017
Criminal Justice	Pepperdine University	2016	243954	year	Grant period: 2016
Criminal Justice	Pew Charitable Trusts	2015	556875	multi-year	Grant period: 2015 - 2017
Criminal Justice	Philanthropy Roundtable	2012	15000	multi-year	Grant period: 2012 - 2013
Criminal Justice	Police Executive Research Forum	2015	224782	multi-year	Grant period: 2015 - 2018
Criminal Justice	Police Executive Research Forum	2015	294631	multi-year	Grant period: 2015 - 2017
Criminal Justice	Police Foundation	2013	25684	multi-year	Grant period: 2013 - 2014
Criminal Justice	Police Foundation	2016	1797680	multi-year	Grant period: 2016 - 2019
Criminal Justice	Police Foundation	2016	254627	multi-year	Grant period: 2016 - 2018
Criminal Justice	Police Foundation	2017	369654	multi-year	Grant period: 2017 - 2018
Criminal Justice	President and Fellows of Harvard College	2014	24000	multi-year	Grant period: 2014 - 2017
Criminal Justice	President and Fellows of Harvard College	2014	40000	multi-year	Grant period: 2014 - 2015
Criminal Justice	President and Fellows of Harvard College	2015	157566	multi-year	Grant period: 2015 - 2022
Criminal Justice	President and Fellows of Harvard College	2015	198369	multi-year	Grant period: 2015 - 2018
Criminal Justice	President and Fellows of Harvard College	2016	1017058	multi-year	Grant period: 2016 - 2019
Criminal Justice	President and Fellows of Harvard College	2017	828987	multi-year	Grant period: 2017 - 2023
Criminal Justice	Pretrial Justice Institute	2017	181750	multi-year	Grant period: 2017 - 2019
Criminal Justice	Public Health Management Corporation	2016	490039	multi-year	Grant period: 2016 - 2019
Criminal Justice	Regents of the University of Colorado	2016	3000000	multi-year	Grant period: 2016 - 2019
Criminal Justice	Research Foundation of the City University of New York	2014	199996	multi-year	Grant period: 2014 - 2016
Criminal Justice	Research Foundation of the City University of New York	2014	272023	multi-year	Grant period: 2014 - 2016
Criminal Justice	Research Foundation of the City University of New York	2015	232152	multi-year	Grant period: 2015 - 2016
Criminal Justice	Research Foundation of the City University of New York	2015	872587	multi-year	Grant period: 2015 - 2018
Criminal Justice	Research Foundation of the City University of New York	2016	3258912	multi-year	Grant period: 2016 - 2020
Criminal Justice	Research Foundation of the City University of New York	2016	426360	multi-year	Grant period: 2016 - 2017
Criminal Justice	Research Triangle Institute	2015	434890	multi-year	Grant period: 2015 - 2017
Criminal Justice	Research Triangle Institute	2015	77225	multi-year	Grant period: 2015 - 2016
Criminal Justice	Research Triangle Institute	2016	249266	multi-year	Grant period: 2016 - 2017
Criminal Justice	Roca, Inc.	2015	677289	multi-year	Grant period: 2015 - 2017
Criminal Justice	Salk Institute for Biological Studies	2017	411787	multi-year	Grant period: 2017 - 2019
Criminal Justice	Southern Poverty Law Center, Inc.	2015	280000	multi-year	Grant period: 2015 - 2018
Criminal Justice	Southern Poverty Law Center, Inc.	2015	884438	multi-year	Grant period: 2015 - 2018
Criminal Justice	State of New Jersey Judiciary	2017	262416	year	Grant period: 2017
Criminal Justice	Statistica Analyticae Limited	2017	2414330	multi-year	Grant period: 2017 - 2020
Criminal Justice	Temple University	2016	302020	multi-year	Grant period: 2016 - 2019
Criminal Justice	Temple University	2016	89684	multi-year	Grant period: 2016 - 2018
Criminal Justice	Texas Public Policy Foundation	2014	103799	multi-year	Grant period: 2014 - 2015
Criminal Justice	Texas Public Policy Foundation	2016	211474	multi-year	Grant period: 2016 - 2017
Criminal Justice	Texas Public Policy Foundation	2017	286269	multi-year	Grant period: 2017 - 2019
Criminal Justice	The Board of Trustees of the Leland Stanford Junior University	2013	29827	year	Grant period: 2013
Criminal Justice	The John F. Finn Institute for Public Safety, Inc.	2017	339830	multi-year	Grant period: 2017 - 2021
Criminal Justice	The Justice Management Institute	2017	12950	year	Grant period: 2017
Criminal Justice	The Marshall Project, Inc.	2014	1000000	multi-year	Grant period: 2014 - 2016
Criminal Justice	The Marshall Project, Inc.	2016	1500000	multi-year	Grant period: 2016 - 2018
Criminal Justice	The National Judicial College	2014	196749	multi-year	Grant period: 2014 - 2017
Criminal Justice	The Rector and Visitors of the University of Virginia	2016	1369931	multi-year	Grant period: 2016 - 2020
Criminal Justice	The Regents of the University of California, Berkeley	2015	194762	multi-year	Grant period: 2015 - 2018
Criminal Justice	The Regents of the University of California, Berkeley	2015	941326	multi-year	Grant period: 2015 - 2019
Criminal Justice	The Regents of the University of California, Berkeley	2017	1642799	multi-year	Grant period: 2017 - 2020
Criminal Justice	The Regents of the University of California, Los Angeles	2015	61600	multi-year	Grant period: 2015 - 2017
Criminal Justice	The Regents of the University of California, Los Angeles	2018	292954	multi-year	Grant period: 2018 - 2019
Criminal Justice	The Regents of the University of California, San Diego	2016	322962	multi-year	Grant period: 2016 - 2020
Criminal Justice	The Regents of the University of Michigan	2016	922484	multi-year	Grant period: 2016 - 2018
Criminal Justice	The Sunlight Foundation	2014	613549	multi-year	Grant period: 2014 - 2016
Criminal Justice	The University of Chicago	2013	749918	multi-year	Grant period: 2013 - 2014
Criminal Justice	The University of Chicago	2014	1000000	multi-year	Grant period: 2014 - 2015
Criminal Justice	The University of Chicago	2014	125000	multi-year	Grant period: 2014 - 2015
Criminal Justice	The University of Chicago	2014	4499222	multi-year	Grant period: 2014 - 2018
Criminal Justice	The University of Chicago	2016	199367	multi-year	Grant period: 2016 - 2017
Criminal Justice	Trustees of Columbia University in the City of New York	2017	915003	multi-year	Grant period: 2017 - 2020
Criminal Justice	Trustees of Columbia University in the City of New York	2018	201631	multi-year	Grant period: 2018 - 2019
Criminal Justice	Trustees of the University of Pennsylvania	2013	67000	multi-year	Grant period: 2013 - 2016
Criminal Justice	Trustees of the University of Pennsylvania	2016	247706	multi-year	Grant period: 2016 - 2018
Criminal Justice	Trustees of the University of Pennsylvania	2016	329060	multi-year	Grant period: 2016 - 2020
Criminal Justice	University of Birmingham	2017	159583	multi-year	Grant period: 2017 - 2019
Criminal Justice	University of Cincinnati Research Institute	2016	1996684	multi-year	Grant period: 2016 - 2019
Criminal Justice	University of Connecticut	2016	74096	multi-year	Grant period: 2016 - 2018
Criminal Justice	University of Connecticut	2016	80107	multi-year	Grant period: 2016 - 2018
Criminal Justice	University of Denver	2012	200000	multi-year	Grant period: 2012 - 2013
Criminal Justice	University of Maryland	2014	1412215	multi-year	Grant period: 2014 - 2019
Criminal Justice	University of Miami	2016	429389	multi-year	Grant period: 2016 - 2018
Criminal Justice	University of North Carolina at Charlotte	2014	40689	multi-year	Grant period: 2014 - 2016
Criminal Justice	University of Rochester	2018	981830	multi-year	Grant period: 2018 - 2023
Criminal Justice	University of Toronto	2017	12500	multi-year	Grant period: 2017 - 2019
Criminal Justice	University of Washington	2014	437476	multi-year	Grant period: 2014 - 2016
Criminal Justice	University of Washington	2015	3941740	multi-year	Grant period: 2015 - 2020
Criminal Justice	Urban Institute	2013	98182	multi-year	Grant period: 2013 - 2015
Criminal Justice	Urban Institute	2015	306361	multi-year	Grant period: 2015 - 2017
Criminal Justice	Urban Institute	2016	361931	multi-year	Grant period: 2016 - 2018
Criminal Justice	Vera Institute of Justice, Inc.	2016	100000	multi-year	Grant period: 2016 - 2017
Criminal Justice	Vera Institute of Justice, Inc.	2016	200000	multi-year	Grant period: 2016 - 2018
Criminal Justice	Washington D.C. Metropolitan Police Department	2015	95298	multi-year	Grant period: 2015 - 2017
Criminal Justice	Washington State University Foundation	2014	75000	multi-year	Grant period: 2014 - 2016
Criminal Justice	Washington University	2016	361572	multi-year	Grant period: 2016 - 2018
Criminal Justice	William J. Brennan, Jr. Center for Justice, Inc.	2015	300000	multi-year	Grant period: 2015 - 2016
Criminal Justice	William J. Brennan, Jr. Center for Justice, Inc.	2015	300000	multi-year	Grant period: 2015 - 2016
Criminal Justice	William J. Brennan, Jr. Center for Justice, Inc.	2016	1005912	multi-year	Grant period: 2016 - 2019
Education	50CAN, Inc.	2015	79059	multi-year	Grant period: 2015 - 2017
Education	50CAN, Inc.	2017	23437	multi-year	Grant period: 2017 - 2018
Education	50CAN, Inc.	2018	120000	multi-year	Grant period: 2018 - 2019
Education	Achievement School District	2015	1900000	multi-year	Grant period: 2015 - 2019
Education	Aldine Education Foundation	2012	1110676	multi-year	Grant period: 2012 - 2015
Education	Alliance for School Choice, Inc.	2012	225000	year	Grant period: 2012
Education	Alliance for School Choice, Inc.	2012	300000	year	Grant period: 2012
Education	Alliance for School Choice, Inc.	2013	300000	year	Grant period: 2013
Education	Association of Missouri Charter Schools	2012	200000	multi-year	Grant period: 2012 - 2014
Education	Austin Community Foundation	2013	25000	year	Grant period: 2013
Education	Bellwether Education Partners, Inc.	2017	300000	multi-year	Grant period: 2017 - 2018
Education	Black Alliance for Educational Options, Inc.	2012	300000	year	Grant period: 2012
Education	Black Alliance for Educational Options, Inc.	2012	3000000	multi-year	Grant period: 2012 - 2015
Education	Black Alliance for Educational Options, Inc.	2012	800000	multi-year	Grant period: 2012 - 2015
Education	Blue School Partners	2017	200000	multi-year	Grant period: 2017 - 2018
Education	Camden Enrollment, Inc.	2017	1263111	multi-year	Grant period: 2017 - 2020
Education	Charter Fund, Inc.	2012	13586000	multi-year	Grant period: 2012 - 2020
Education	Charter Fund, Inc.	2015	2000000	multi-year	Grant period: 2015 - 2016
Education	Charter Fund, Inc.	2015	4500000	multi-year	Grant period: 2015 - 2018
Education	Charter Fund, Inc.	2015	6000000	multi-year	Grant period: 2015 - 2018
Education	Charter Fund, Inc.	2016	1149000	multi-year	Grant period: 2016 - 2018
Education	Charter Fund, Inc.	2016	12000000	multi-year	Grant period: 2016 - 2021
Education	Chiefs for Change	2017	485000	multi-year	Grant period: 2017 - 2018
Education	Choose to Succeed, Inc.	2013	12500	year	Grant period: 2013
Education	Cleveland Municipal School District	2014	1500000	multi-year	Grant period: 2014 - 2016
Education	Cleveland Municipal School District Transformation Alliance	2014	1375000	multi-year	Grant period: 2014 - 2016
Education	Community Foundation of New Jersey	2015	150000	multi-year	Grant period: 2015 - 2018
Education	Education Champions for All, Inc.	2011	300000	multi-year	Grant period: 2011 - 2012
Education	Education Cities, Inc.	2016	1900000	multi-year	Grant period: 2016 - 2019
Education	Education Forward DC	2016	1000000	multi-year	Grant period: 2016 - 2017
Education	Education Forward DC	2017	12800000	multi-year	Grant period: 2017 - 2020
Education	Education Pioneers, Inc.	2011	200000	multi-year	Grant period: 2011 - 2012
Education	Education Reform Now, Inc.	2011	500000	multi-year	Grant period: 2011 - 2012
Education	Education Reform Now, Inc.	2012	500000	multi-year	Grant period: 2012 - 2013
Education	Education Reform Now, Inc.	2013	1700160	multi-year	Grant period: 2013 - 2014
Education	Education Service Center Region XIII	2017	84226	multi-year	Grant period: 2017 - 2018
Education	Education Trust, Inc.	2012	2000000	multi-year	Grant period: 2012 - 2014
Education	Education Trust, Inc.	2015	2000000	multi-year	Grant period: 2015 - 2017
Education	Educational Choice Illinois	2013	25000	year	Grant period: 2013
Education	Educators for Excellence, Inc.	2012	500000	multi-year	Grant period: 2012 - 2013
Education	Every Student Every Community, Inc.	2018	1100000	multi-year	Grant period: 2018 - 2019
Education	Foundation for Excellence in Education, Inc.	2013	1000000	multi-year	Grant period: 2013 - 2015
Education	GreatSchools	2012	4000000	multi-year	Grant period: 2012 - 2015
Education	Greater Houston Community Foundation	2013	1700000	multi-year	Grant period: 2013 - 2015
Education	Houston Independent School District	2012	100000	multi-year	Grant period: 2012 - 2013
Education	Houston Independent School District Foundation	2014	312626	multi-year	Grant period: 2014 - 2015
Education	IDEA Public Schools	2011	250000	multi-year	Grant period: 2011 - 2013
Education	Indianapolis Public Schools Education Foundation, Inc.	2016	1256250	multi-year	Grant period: 2016 - 2019
Education	Innosight Institute, Inc.	2011	264075	multi-year	Grant period: 2011 - 2012
Education	Innosight Institute, Inc.	2012	10000	year	Grant period: 2012
Education	KIPP Foundation	2011	1000000	multi-year	Grant period: 2011 - 2015
Education	KIPP Foundation	2015	10000000	multi-year	Grant period: 2015 - 2020
Education	Kitamba, Inc.	2017	92000	multi-year	Grant period: 2017 - 2018
Education	Leading Educators, Inc.	2012	505000	multi-year	Grant period: 2012 - 2014
Education	Leading Educators, Inc.	2014	450000	multi-year	Grant period: 2014 - 2017
Education	Louisiana Association of Public Charter Schools	2012	900000	multi-year	Grant period: 2012 - 2013
Education	Louisiana Association of Public Charter Schools	2014	250000	multi-year	Grant period: 2014 - 2015
Education	Massachusetts Institute of Technology	2018	1941622	multi-year	Grant period: 2018 - 2021
Education	Mathematica Policy Research, Inc.	2018	310875	multi-year	Grant period: 2018 - 2019
Education	National Alliance for Public Charter Schools	2013	1000000	multi-year	Grant period: 2013 - 2015
Education	National Center for Research in Advanced Information and Digital Technologies	2013	130000	multi-year	Grant period: 2013 - 2014
Education	National Council on Teacher Quality, Inc.	2011	200000	multi-year	Grant period: 2011 - 2012
Education	National Council on Teacher Quality, Inc.	2013	375000	multi-year	Grant period: 2013 - 2014
Education	New Schools Venture Fund	2011	118000	multi-year	Grant period: 2011 - 2012
Education	New Schools Venture Fund	2011	14700	year	Grant period: 2011
Education	New Schools Venture Fund	2016	8000000	multi-year	Grant period: 2016 - 2019
Education	New Schools for Baton Rouge	2016	10000000	multi-year	Grant period: 2016 - 2019
Education	New Schools for Baton Rouge	2017	701069	multi-year	Grant period: 2017 - 2019
Education	New Schools for New Orleans, Inc.	2012	11414000	multi-year	Grant period: 2012 - 2019
Education	New Schools for New Orleans, Inc.	2012	630000	multi-year	Grant period: 2012 - 2015
Education	New Schools for New Orleans, Inc.	2014	4500000	multi-year	Grant period: 2014 - 2018
Education	New Schools for New Orleans, Inc.	2016	1567000	multi-year	Grant period: 2016 - 2018
Education	North American Council for Online Learning Ltd.	2011	291088	multi-year	Grant period: 2011 - 2012
Education	North American Council for Online Learning Ltd.	2012	300000	multi-year	Grant period: 2012 - 2014
Education	PHILO Finance Corporation	2013	45227	year	Grant period: 2013
Education	Parent Coalition for Excellent Education, Inc.	2016	300000	year	Grant period: 2016
Education	Parent Revolution, Inc.	2012	1500000	multi-year	Grant period: 2012 - 2013
Education	Parent Revolution, Inc.	2013	3000000	multi-year	Grant period: 2013 - 2015
Education	Parents for Great Camden Schools	2017	487500	multi-year	Grant period: 2017 - 2019
Education	Partners for Developing Futures, Inc.	2012	400277	multi-year	Grant period: 2012 - 2014
Education	Philadelphia Schools Project	2018	1375000	multi-year	Grant period: 2018 - 2020
Education	Philanthropy Roundtable	2013	30000	multi-year	Grant period: 2013 - 2014
Education	Policy Innovators in Education Network, Inc.	2012	1000000	multi-year	Grant period: 2012 - 2014
Education	President and Fellows of Harvard College	2018	593110	multi-year	Grant period: 2018 - 2020
Education	Recovery School District	2011	50000	multi-year	Grant period: 2011 - 2012
Education	Relay Graduate School of Education	2012	2500000	multi-year	Grant period: 2012 - 2016
Education	Relay Graduate School of Education	2015	515250	multi-year	Grant period: 2015 - 2019
Education	Silicon Schools Fund, Inc.	2013	2000000	multi-year	Grant period: 2013 - 2015
Education	Silicon Schools Fund, Inc.	2014	2000000	multi-year	Grant period: 2014 - 2017
Education	Silicon Schools Fund, Inc.	2016	2000000	multi-year	Grant period: 2016 - 2019
Education	Stand for Children Leadership Center	2011	1000000	multi-year	Grant period: 2011 - 2013
Education	Stand for Children Leadership Center	2011	1650000	multi-year	Grant period: 2011 - 2012
Education	Stand for Children Leadership Center	2011	2250000	multi-year	Grant period: 2011 - 2014
Education	Stand for Children Leadership Center	2011	450000	multi-year	Grant period: 2011 - 2012
Education	Stand for Children Leadership Center	2012	290000	multi-year	Grant period: 2012 - 2013
Education	Stand for Children Leadership Center	2014	1000000	multi-year	Grant period: 2014 - 2017
Education	Students for Education Reform, Inc.	2012	1533196	multi-year	Grant period: 2012 - 2014
Education	StudentsFirst Institute	2011	7000000	multi-year	Grant period: 2011 - 2013
Education	StudentsFirst Institute	2014	500000	multi-year	Grant period: 2014 - 2015
Education	StudentsFirst Institute	2015	350000	year	Grant period: 2015
Education	Teach For America, Inc.	2011	2000000	multi-year	Grant period: 2011 - 2012
Education	Teach For America, Inc.	2012	137908	year	Grant period: 2012
Education	Teach For America, Inc.	2012	4500000	multi-year	Grant period: 2012 - 2014
Education	Teach For America, Inc.	2014	2310635	multi-year	Grant period: 2014 - 2016
Education	Teach for America, Inc.	2016	533826	multi-year	Grant period: 2016 - 2018
Education	Teacher Town USA, Inc.	2016	1200000	multi-year	Grant period: 2016 - 2019
Education	Teacher Town USA, Inc.	2016	250000	multi-year	Grant period: 2016 - 2017
Education	Teacher Town USA, Inc.	2016	4697000	multi-year	Grant period: 2016 - 2019
Education	Texas Association of Business & Chambers of Commerce Foundation	2011	75000	year	Grant period: 2011
Education	Texas Charter Schools Association	2011	150000	multi-year	Grant period: 2011 - 2012
Education	Texas Institute for Education Reform	2011	125000	year	Grant period: 2011
Education	Texas Institute for Education Reform	2013	80000	year	Grant period: 2013
Education	The Board of Trustees of the Leland Stanford Junior University	2018	694901	multi-year	Grant period: 2018 - 2021
Education	The Fund for Public Schools, Inc.	2012	750000	year	Grant period: 2012
Education	The Mind Trust, Inc.	2016	11075000	multi-year	Grant period: 2016 - 2019
Education	The Mind Trust, Inc.	2018	60000	year	Grant period: 2018
Education	The New Teacher Project, Inc.	2011	4500000	multi-year	Grant period: 2011 - 2013
Education	The New Teacher Project, Inc.	2012	991557	multi-year	Grant period: 2012 - 2014
Education	The New Teacher Project, Inc.	2015	2644907	multi-year	Grant period: 2015 - 2018
Education	The New Teacher Project, Inc.	2017	43300	year	Grant period: 2017
Education	The Oakland Public Education Fund	2016	55000	year	Grant period: 2016
Education	The Third Way Foundation, Inc.	2015	380000	multi-year	Grant period: 2015 - 2017
Education	The Third Way Foundation, Inc.	2017	800000	multi-year	Grant period: 2017 - 2020
Education	Thomas B. Fordham Institute	2012	210000	multi-year	Grant period: 2012 - 2016
Education	Trustees of the University of Pennsylvania	2011	648065	multi-year	Grant period: 2011 - 2013
Education	Uncommon Knowledge and Achievement, Inc.	2018	4825000	multi-year	Grant period: 2018 - 2020
Education	University of Kentucky	2017	381618	multi-year	Grant period: 2017 - 2020
Education	University of Washington Foundation	2011	221375	multi-year	Grant period: 2011 - 2013
Education	University of Washington Foundation	2013	2000000	multi-year	Grant period: 2013 - 2015
Education	University of Washington Foundation	2015	2500000	multi-year	Grant period: 2015 - 2018
Education	William Marsh Rice University	2011	1319936	multi-year	Grant period: 2011 - 2014
Education	YES Prep Public Schools, Inc.	2011	250000	multi-year	Grant period: 2011 - 2012
Education	YES Prep Public Schools, Inc.	2011	92000	multi-year	Grant period: 2011 - 2012
Education	Zest Education	2017	125000	multi-year	Grant period: 2017 - 2018
Evidence-Based Policy	Abode Services	2015	1086569	multi-year	Grant period: 2015 - 2022
Evidence-Based Policy	America Achieves, Inc.	2014	830000	multi-year	Grant period: 2014 - 2015
Evidence-Based Policy	America Achieves, Inc.	2016	2592103	multi-year	Grant period: 2016 - 2017
Evidence-Based Policy	American Institutes for Research in the Behavioral Sciences	2013	2587	year	Grant period: 2013
Evidence-Based Policy	American Institutes for Research in the Behavioral Sciences	2016	3500000	multi-year	Grant period: 2016 - 2020
Evidence-Based Policy	American Institutes for Research in the Behavioral Sciences	2017	319476	multi-year	Grant period: 2017 - 2020
Evidence-Based Policy	American Society for Public Administration	2016	270550	multi-year	Grant period: 2016 - 2017
Evidence-Based Policy	Bard College	2017	224720	multi-year	Grant period: 2017 - 2024
Evidence-Based Policy	Behavioral Ideas Lab, Inc.	2014	1055811	multi-year	Grant period: 2014 - 2015
Evidence-Based Policy	Behavioral Ideas Lab, Inc.	2015	986120	multi-year	Grant period: 2015 - 2018
Evidence-Based Policy	Behavioral Ideas Lab, Inc.	2016	2291117	multi-year	Grant period: 2016 - 2018
Evidence-Based Policy	Behavioral Ideas Lab, Inc.	2018	500852	multi-year	Grant period: 2018 - 2020
Evidence-Based Policy	Bipartisan Policy Center, Inc.	2016	559500	multi-year	Grant period: 2016 - 2018
Evidence-Based Policy	Bipartisan Policy Center, Inc.	2017	349979	multi-year	Grant period: 2017 - 2018
Evidence-Based Policy	Board of Regents Nevada System of Higher Education	2018	220000	multi-year	Grant period: 2018 - 2019
Evidence-Based Policy	Bottom Line, Inc.	2015	60000	multi-year	Grant period: 2015 - 2021
Evidence-Based Policy	Brookings Institution	2015	324000	multi-year	Grant period: 2015 - 2017
Evidence-Based Policy	Brookings Institution	2016	431049	multi-year	Grant period: 2016 - 2017
Evidence-Based Policy	Brookings Institution	2017	200000	multi-year	Grant period: 2017 - 2018
Evidence-Based Policy	Brown University	2015	1539835	multi-year	Grant period: 2015 - 2020
Evidence-Based Policy	Brown University	2015	4369804	multi-year	Grant period: 2015 - 2018
Evidence-Based Policy	Brown University	2015	768593	multi-year	Grant period: 2015 - 2019
Evidence-Based Policy	Californians Dedicated to Education Foundation	2017	1165000	multi-year	Grant period: 2017 - 2020
Evidence-Based Policy	Center for Regional Economic Competitiveness	2015	797241	multi-year	Grant period: 2015 - 2018
Evidence-Based Policy	Children’s Home for Society of America	2015	95708	multi-year	Grant period: 2015 - 2020
Evidence-Based Policy	Children’s Trust Fund of South Carolina	2015	233868	multi-year	Grant period: 2015 - 2016
Evidence-Based Policy	City First Enterprises, Inc.	2014	48030	multi-year	Grant period: 2014 - 2015
Evidence-Based Policy	Coalition for Evidence-Based Policy	2013	369228	multi-year	Grant period: 2013 - 2018
Evidence-Based Policy	College Forward	2015	98337	multi-year	Grant period: 2015 - 2024
Evidence-Based Policy	Conference Board, Inc.	2016	99740	multi-year	Grant period: 2016 - 2017
Evidence-Based Policy	County of Allegheny	2015	155296	multi-year	Grant period: 2015 - 2017
Evidence-Based Policy	Data Quality Campaign, Inc.	2016	60000	multi-year	Grant period: 2016 - 2017
Evidence-Based Policy	Data Quality Campaign, Inc.	2017	125000	multi-year	Grant period: 2017 - 2018
Evidence-Based Policy	Denver PFS, LLC**	2016	1700000	multi-year	Grant period: 2016 - 2021
Evidence-Based Policy	Drug Policy Alliance	2017	64100	year	Grant period: 2017
Evidence-Based Policy	Duke University	2016	339516	multi-year	Grant period: 2016 - 2019
Evidence-Based Policy	Economic Mobility Corporation	2017	150000	multi-year	Grant period: 2017 - 2022
Evidence-Based Policy	Economic Mobility Corporation	2017	261848	multi-year	Grant period: 2017 - 2020
Evidence-Based Policy	Educational Results Partnership	2016	147009	multi-year	Grant period: 2016 - 2020
Evidence-Based Policy	Feeding America	2012	229146	multi-year	Grant period: 2012 - 2014
Evidence-Based Policy	Feeding America	2015	4415056	multi-year	Grant period: 2015 - 2018
Evidence-Based Policy	Feeding America	2015	742684	multi-year	Grant period: 2015 - 2017
Evidence-Based Policy	Friends Research Institute, Inc.	2016	564431	multi-year	Grant period: 2016 - 2020
Evidence-Based Policy	George Mason University Foundation, Inc.	2017	499941	multi-year	Grant period: 2017 - 2020
Evidence-Based Policy	Georgetown University	2014	419864	multi-year	Grant period: 2014 - 2015
Evidence-Based Policy	Georgia State University Research Foundation, Inc.	2017	3878228	multi-year	Grant period: 2017 - 2020
Evidence-Based Policy	Government of the District of Columbia	2016	3164536	multi-year	Grant period: 2016 - 2019
Evidence-Based Policy	Houston Food Bank	2016	199283	multi-year	Grant period: 2016 - 2018
Evidence-Based Policy	Institute for Child Success, Inc.	2016	66644	year	Grant period: 2016
Evidence-Based Policy	Iowa State University of Science and Technology	2017	1500000	multi-year	Grant period: 2017 - 2022
Evidence-Based Policy	Johns Hopkins University	2015	3693484	multi-year	Grant period: 2015 - 2018
Evidence-Based Policy	Johns Hopkins University	2016	128598	multi-year	Grant period: 2016 - 2017
Evidence-Based Policy	Johns Hopkins University	2016	1372005	multi-year	Grant period: 2016 - 2022
Evidence-Based Policy	Johns Hopkins University	2016	302625	multi-year	Grant period: 2016 - 2018
Evidence-Based Policy	Johns Hopkins University	2016	449889	multi-year	Grant period: 2016 - 2019
Evidence-Based Policy	Johns Hopkins University	2017	299167	multi-year	Grant period: 2017 - 2020
Evidence-Based Policy	Johns Hopkins University	2017	397721	multi-year	Grant period: 2017 - 2020
Evidence-Based Policy	Living Cities, Inc.	2016	199373	year	Grant period: 2016
Evidence-Based Policy	MDRC	2013	15000000	multi-year	Grant period: 2013 - 2022
Evidence-Based Policy	MDRC	2014	294209	multi-year	Grant period: 2014 - 2015
Evidence-Based Policy	MDRC	2015	1500000	multi-year	Grant period: 2015 - 2017
Evidence-Based Policy	MDRC	2015	1804132	multi-year	Grant period: 2015 - 2017
Evidence-Based Policy	MDRC	2016	20000000	multi-year	Grant period: 2016 - 2024
Evidence-Based Policy	MDRC	2016	275000	multi-year	Grant period: 2016 - 2020
Evidence-Based Policy	MDRC	2016	533688	multi-year	Grant period: 2016 - 2024
Evidence-Based Policy	MDRC	2017	2943916	multi-year	Grant period: 2017 - 2030
Evidence-Based Policy	Manhattan Institute for Policy Research, Inc.	2013	118800	multi-year	Grant period: 2013 - 2014
Evidence-Based Policy	Manhattan Institute for Policy Research, Inc.	2014	473648	multi-year	Grant period: 2014 - 2015
Evidence-Based Policy	Manhattan Institute for Policy Research, Inc.	2016	200000	multi-year	Grant period: 2016 - 2018
Evidence-Based Policy	MapLight	2013	508905	multi-year	Grant period: 2013 - 2015
Evidence-Based Policy	MapLight	2015	500000	multi-year	Grant period: 2015 - 2017
Evidence-Based Policy	Massachusetts Institute of Technology	2013	9796611	multi-year	Grant period: 2013 - 2022
Evidence-Based Policy	Massachusetts Institute of Technology	2015	7455193	multi-year	Grant period: 2015 - 2020
Evidence-Based Policy	Massachusetts Institute of Technology	2017	13836926	multi-year	Grant period: 2017 - 2021
Evidence-Based Policy	Mathematica Policy Research, Inc.	2016	137109	multi-year	Grant period: 2016 - 2017
Evidence-Based Policy	Mathematica Policy Research, Inc.	2017	170000	year	Grant period: 2017
Evidence-Based Policy	Measured Decisions, Inc.	2016	216950	multi-year	Grant period: 2016 - 2020
Evidence-Based Policy	Measured Decisions, Inc.	2017	235513	multi-year	Grant period: 2017 - 2021
Evidence-Based Policy	Mental Health Services for Homeless Persons, Inc.	2014	780513	multi-year	Grant period: 2014 - 2016
Evidence-Based Policy	Michigan State University	2016	1907061	multi-year	Grant period: 2016 - 2020
Evidence-Based Policy	Michigan State University	2017	98806	multi-year	Grant period: 2017 - 2018
Evidence-Based Policy	National Bureau of Economic Research, Inc.	2017	648250	multi-year	Grant period: 2017 - 2023
Evidence-Based Policy	National Campaign to Prevent Teen and Unplanned Pregnancy	2016	165661	multi-year	Grant period: 2016 - 2018
Evidence-Based Policy	National Governors Association Center for Best Practices	2014	560929	multi-year	Grant period: 2014 - 2017
Evidence-Based Policy	National Skills Coalition	2015	298000	multi-year	Grant period: 2015 - 2017
Evidence-Based Policy	National Skills Coalition	2017	250000	multi-year	Grant period: 2017 - 2018
Evidence-Based Policy	New Profit, Inc.	2013	210000	multi-year	Grant period: 2013 - 2014
Evidence-Based Policy	New York University	2016	1244010	multi-year	Grant period: 2016 - 2018
Evidence-Based Policy	New York University	2017	299973	multi-year	Grant period: 2017 - 2019
Evidence-Based Policy	New York University	2018	680864	multi-year	Grant period: 2018 - 2022
Evidence-Based Policy	Nonprofit Finance Fund	2014	1080000	multi-year	Grant period: 2014 - 2018
Evidence-Based Policy	Nonprofit Finance Fund	2014	343660	multi-year	Grant period: 2014 - 2015
Evidence-Based Policy	Nonprofit Finance Fund	2016	350000	multi-year	Grant period: 2016 - 2017
Evidence-Based Policy	Northwestern University	2016	458815	multi-year	Grant period: 2016 - 2018
Evidence-Based Policy	Nurse Family Partnership	2015	404206	multi-year	Grant period: 2015 - 2018
Evidence-Based Policy	Ohio State University Foundation	2016	760412	multi-year	Grant period: 2016 - 2019
Evidence-Based Policy	One Hope United	2015	672848	multi-year	Grant period: 2015 - 2017
Evidence-Based Policy	Partnership for Public Service, Inc.	2015	169571	multi-year	Grant period: 2015 - 2017
Evidence-Based Policy	Partnership for Public Service, Inc.	2016	800881	multi-year	Grant period: 2016 - 2018
Evidence-Based Policy	Philanthropy Roundtable	2015	100000	multi-year	Grant period: 2015 - 2017
Evidence-Based Policy	Potomac Healthcare Foundation	2017	330599	multi-year	Grant period: 2017 - 2019
Evidence-Based Policy	President and Fellows of Harvard College	2013	380000	multi-year	Grant period: 2013 - 2016
Evidence-Based Policy	President and Fellows of Harvard College	2013	551134	multi-year	Grant period: 2013 - 2015
Evidence-Based Policy	President and Fellows of Harvard College	2014	240000	year	Grant period: 2014
Evidence-Based Policy	President and Fellows of Harvard College	2015	40000	multi-year	Grant period: 2015 - 2016
Evidence-Based Policy	President and Fellows of Harvard College	2015	7449048	multi-year	Grant period: 2015 - 2019
Evidence-Based Policy	President and Fellows of Harvard College	2016	2141762	multi-year	Grant period: 2016 - 2018
Evidence-Based Policy	President and Fellows of Harvard College	2016	800000	year	Grant period: 2016
Evidence-Based Policy	President and Fellows of Harvard College	2017	582956	multi-year	Grant period: 2017 - 2022
Evidence-Based Policy	President and Fellows of Harvard College	2017	76363	multi-year	Grant period: 2017 - 2018
Evidence-Based Policy	President and Fellows of Harvard College	2018	150000	multi-year	Grant period: 2018 - 2019
Evidence-Based Policy	Providence Health & Services Oregon	2017	617490	multi-year	Grant period: 2017 - 2021
Evidence-Based Policy	Public Health Management Corporation	2017	382840	multi-year	Grant period: 2017 - 2018
Evidence-Based Policy	Regents of the University of Colorado	2016	76238	multi-year	Grant period: 2016 - 2017
Evidence-Based Policy	Research Foundation of the City University of New York	2018	265152	multi-year	Grant period: 2018 - 2024
Evidence-Based Policy	Research Triangle Institute	2017	1677008	multi-year	Grant period: 2017 - 2020
Evidence-Based Policy	Results for America	2017	2715897	multi-year	Grant period: 2017 - 2019
Evidence-Based Policy	Results for America	2017	500000	multi-year	Grant period: 2017 - 2018
Evidence-Based Policy	Roca, Inc.	2016	1666689	multi-year	Grant period: 2016 - 2023
Evidence-Based Policy	Rutgers University Foundation	2018	220000	multi-year	Grant period: 2018 - 2019
Evidence-Based Policy	SAGA Innovations, Inc.	2016	465400	multi-year	Grant period: 2016 - 2017
Evidence-Based Policy	SAGA Innovations, Inc.	2017	175000	multi-year	Grant period: 2017 - 2018
Evidence-Based Policy	San Mateo County Community College District	2017	836607	multi-year	Grant period: 2017 - 2019
Evidence-Based Policy	ServeMinnesota	2017	191051	multi-year	Grant period: 2017 - 2018
Evidence-Based Policy	Social Finance CT**	2016	1000000	multi-year	Grant period: 2016 - 2022
Evidence-Based Policy	Social Finance NY State Workforce Re-Entry 2013 LLC**	2013	4000000	multi-year	Grant period: 2013 - 2019
Evidence-Based Policy	Social Finance, Inc.	2014	148598	multi-year	Grant period: 2014 - 2015
Evidence-Based Policy	Social Finance, Inc.	2014	4000000	multi-year	Grant period: 2014 - 2017
Evidence-Based Policy	Teachers College, Columbia University	2014	97000	multi-year	Grant period: 2014 - 2019
Evidence-Based Policy	Teachers College, Columbia University	2017	318516	multi-year	Grant period: 2017 - 2020
Evidence-Based Policy	Temple University	2018	331050	multi-year	Grant period: 2018 - 2023
Evidence-Based Policy	The Aspen Institute, Inc.	2017	100000	multi-year	Grant period: 2017 - 2018
Evidence-Based Policy	The Board of Trustees of the Leland Stanford Junior University	2016	432547	multi-year	Grant period: 2016 - 2019
Evidence-Based Policy	The Board of Trustees of the Leland Stanford Junior University	2016	750000	multi-year	Grant period: 2016 - 2018
Evidence-Based Policy	The Board of Trustees of the Leland Stanford Junior University	2016	904365	multi-year	Grant period: 2016 - 2019
Evidence-Based Policy	The Board of Trustees of the University of Illinois	2016	1760785	multi-year	Grant period: 2016 - 2024
Evidence-Based Policy	The Meadows Mental Health Policy Institute for Texas	2017	1024737	multi-year	Grant period: 2017 - 2022
Evidence-Based Policy	The Miriam Hospital	2018	175000	multi-year	Grant period: 2018 - 2020
Evidence-Based Policy	The National Head Start Association	2016	49200	year	Grant period: 2016
Evidence-Based Policy	The Pennsylvania State University	2016	50000	multi-year	Grant period: 2016 - 2019
Evidence-Based Policy	The Rector and Visitors of the University of Virginia	2015	108272	multi-year	Grant period: 2015 - 2017
Evidence-Based Policy	The Rector and Visitors of the University of Virginia	2017	510256	multi-year	Grant period: 2017 - 2020
Evidence-Based Policy	The Regents of the University of California, Berkeley	2016	1637106	multi-year	Grant period: 2016 - 2021
Evidence-Based Policy	The Regents of the University of California, Berkeley	2016	74292	multi-year	Grant period: 2016 - 2018
Evidence-Based Policy	The Regents of the University of California, Berkeley	2017	335000	multi-year	Grant period: 2017 - 2020
Evidence-Based Policy	The Regents of the University of California, Berkeley	2017	931629	multi-year	Grant period: 2017 - 2018
Evidence-Based Policy	The Regents of the University of California, Berkeley	2018	2675000	multi-year	Grant period: 2018 - 2020
Evidence-Based Policy	The Regents of the University of California, Irvine	2015	1326852	multi-year	Grant period: 2015 - 2019
Evidence-Based Policy	The Regents of the University of California, Los Angeles	2015	570900	multi-year	Grant period: 2015 - 2019
Evidence-Based Policy	The Regents of the University of California, Los Angeles	2017	1017516	multi-year	Grant period: 2017 - 2018
Evidence-Based Policy	The Regents of the University of California, Los Angeles	2017	395318	multi-year	Grant period: 2017 - 2019
Evidence-Based Policy	The Regents of the University of California, Los Angeles	2018	2850000	multi-year	Grant period: 2018 - 2020
Evidence-Based Policy	The Regents of the University of California, San Diego	2016	312147	multi-year	Grant period: 2016 - 2022
Evidence-Based Policy	The Regents of the University of California, Santa Barbara	2016	209242	multi-year	Grant period: 2016 - 2019
Evidence-Based Policy	The Regents of the University of Michigan	2015	921018	multi-year	Grant period: 2015 - 2019
Evidence-Based Policy	The Regents of the University of Michigan	2016	15575	multi-year	Grant period: 2016 - 2017
Evidence-Based Policy	The Regents of the University of Michigan	2016	2826615	multi-year	Grant period: 2016 - 2019
Evidence-Based Policy	The Regents of the University of Michigan	2017	5986314	multi-year	Grant period: 2017 - 2023
Evidence-Based Policy	The Texas A&M University	2017	299843	multi-year	Grant period: 2017 - 2020
Evidence-Based Policy	The Trustees of Princeton University	2013	157856	multi-year	Grant period: 2013 - 2015
Evidence-Based Policy	The University of Chicago	2014	162660	multi-year	Grant period: 2014 - 2017
Evidence-Based Policy	The University of Chicago	2015	100000	multi-year	Grant period: 2015 - 2017
Evidence-Based Policy	The University of Chicago	2016	146842	multi-year	Grant period: 2016 - 2025
Evidence-Based Policy	The University of Chicago	2016	155071	multi-year	Grant period: 2016 - 2023
Evidence-Based Policy	The University of Chicago	2016	263435	multi-year	Grant period: 2016 - 2019
Evidence-Based Policy	The University of Chicago	2016	50000	multi-year	Grant period: 2016 - 2017
Evidence-Based Policy	The University of Chicago	2016	79530	multi-year	Grant period: 2016 - 2018
Evidence-Based Policy	The University of Chicago	2016	825103	multi-year	Grant period: 2016 - 2018
Evidence-Based Policy	The University of Chicago	2017	100000	multi-year	Grant period: 2017 - 2018
Evidence-Based Policy	The University of Chicago	2017	196130	multi-year	Grant period: 2017 - 2019
Evidence-Based Policy	The University of Chicago	2017	2965628	multi-year	Grant period: 2017 - 2021
Evidence-Based Policy	The University of Chicago	2017	50000	multi-year	Grant period: 2017 - 2020
Evidence-Based Policy	The University of Tennessee	2016	150000	multi-year	Grant period: 2016 - 2019
Evidence-Based Policy	The University of Texas at Austin	2015	277500	multi-year	Grant period: 2015 - 2018
Evidence-Based Policy	The University of Texas at Austin	2015	400419	multi-year	Grant period: 2015 - 2018
Evidence-Based Policy	The University of Texas at Austin	2016	12000	year	Grant period: 2016
Evidence-Based Policy	The University of Texas at Austin	2016	1255408	multi-year	Grant period: 2016 - 2018
Evidence-Based Policy	The University of Texas at Austin	2016	27910	year	Grant period: 2016
Evidence-Based Policy	The University of Texas at Austin	2016	27910	year	Grant period: 2016
Evidence-Based Policy	The University of Texas at Dallas	2014	2541193	multi-year	Grant period: 2014 - 2019
Evidence-Based Policy	Third Sector Capital Partners, Inc.	2014	159000	multi-year	Grant period: 2014 - 2015
Evidence-Based Policy	Thrive Chicago NFP	2017	622016	multi-year	Grant period: 2017 - 2021
Evidence-Based Policy	Treatment Research Institute	2016	116777	multi-year	Grant period: 2016 - 2017
Evidence-Based Policy	Trust for Conservation Innovation	2015	71971	multi-year	Grant period: 2015 - 2017
Evidence-Based Policy	Trustees of Boston University	2016	30000	year	Grant period: 2016
Evidence-Based Policy	Trustees of the University of Pennsylvania	2016	832120	multi-year	Grant period: 2016 - 2017
Evidence-Based Policy	Tulane University	2014	2810082	multi-year	Grant period: 2014 - 2017
Evidence-Based Policy	Tulane University	2016	750000	multi-year	Grant period: 2016 - 2018
Evidence-Based Policy	Tulane University	2017	610268	multi-year	Grant period: 2017 - 2019
Evidence-Based Policy	United Way of Lane County	2016	532291	multi-year	Grant period: 2016 - 2022
Evidence-Based Policy	University College London	2016	126364	multi-year	Grant period: 2016 - 2020
Evidence-Based Policy	University of Denver	2017	4557540	multi-year	Grant period: 2017 - 2021
Evidence-Based Policy	University of Denver	2017	548455	multi-year	Grant period: 2017 - 2021
Evidence-Based Policy	University of Massachusetts	2016	220906	multi-year	Grant period: 2016 - 2020
Evidence-Based Policy	University of Notre Dame Du Lac	2017	129529	multi-year	Grant period: 2017 - 2019
Evidence-Based Policy	University of Southern California	2015	583060	multi-year	Grant period: 2015 - 2017
Evidence-Based Policy	University of Southern California	2016	100000	multi-year	Grant period: 2016 - 2018
Evidence-Based Policy	University of Southern California	2016	139963	multi-year	Grant period: 2016 - 2020
Evidence-Based Policy	University of Utah	2015	1698000	multi-year	Grant period: 2015 - 2018
Evidence-Based Policy	University of Utah	2015	341911	multi-year	Grant period: 2015 - 2017
Evidence-Based Policy	University of Vermont and State Agricultural College Foundation	2017	776474	multi-year	Grant period: 2017 - 2019
Evidence-Based Policy	University of Washington	2015	2641118	multi-year	Grant period: 2015 - 2019
Evidence-Based Policy	University of Washington	2016	446435	multi-year	Grant period: 2016 - 2018
Evidence-Based Policy	University of Washington	2016	495373	multi-year	Grant period: 2016 - 2019
Evidence-Based Policy	University of Washington	2017	590676	multi-year	Grant period: 2017 - 2019
Evidence-Based Policy	Urban Institute	2015	8433895	multi-year	Grant period: 2015 - 2019
Evidence-Based Policy	Urban Institute	2016	1191932	multi-year	Grant period: 2016 - 2019
Evidence-Based Policy	Urban Institute	2017	404708	multi-year	Grant period: 2017 - 2019
Evidence-Based Policy	Valley Initiative for Development and Advancement	2014	370105	multi-year	Grant period: 2014 - 2018
Evidence-Based Policy	Veterans Education Success	2017	1874118	multi-year	Grant period: 2017 - 2020
Evidence-Based Policy	Virginia Polytechnic Institute and State University	2016	144000	multi-year	Grant period: 2016 - 2017
Evidence-Based Policy	Wake County Public School System	2015	81512	multi-year	Grant period: 2015 - 2018
Evidence-Based Policy	Westat, Inc.	2017	50323	multi-year	Grant period: 2017 - 2018
Evidence-Based Policy	Westchester Community College Foundation, Inc.	2016	1000000	multi-year	Grant period: 2016 - 2021
Evidence-Based Policy	William Marsh Rice University	2013	1672289	multi-year	Grant period: 2013 - 2015
Evidence-Based Policy	William Marsh Rice University	2015	200000	multi-year	Grant period: 2015 - 2017
Evidence-Based Policy	William Marsh Rice University	2015	884314	multi-year	Grant period: 2015 - 2017
Evidence-Based Policy	William Marsh Rice University	2016	499029	multi-year	Grant period: 2016 - 2020
Evidence-Based Policy	William Marsh Rice University	2016	98930	multi-year	Grant period: 2016 - 2020
Evidence-Based Policy	Youth Services, Inc.	2014	3344350	multi-year	Grant period: 2014 - 2020
Health Care	Alliance for Health Policy	2018	39705	year	Grant period: 2018
Health Care	Bioethics International, Inc.	2015	3555977	multi-year	Grant period: 2015 - 2019
Health Care	Bipartisan Policy Center, Inc.	2014	1244200	multi-year	Grant period: 2014 - 2015
Health Care	Brigham & Women?s Hospital, Inc.	2017	3268850	multi-year	Grant period: 2017 - 2020
Health Care	Brigham & Women’s Hospital, Inc.	2016	2024093	multi-year	Grant period: 2016 - 2020
Health Care	Brigham & Women’s Hospital, Inc.	2016	742906	multi-year	Grant period: 2016 - 2017
Health Care	Brigham & Women’s Hospital, Inc.	2017	77315	multi-year	Grant period: 2017 - 2018
Health Care	Catalyst for Payment Reform, Inc.	2016	438276	multi-year	Grant period: 2016 - 2018
Health Care	Center for Health Policy Development	2016	146271	multi-year	Grant period: 2016 - 2017
Health Care	Center for Health Policy Development	2017	1664782	multi-year	Grant period: 2017 - 2019
Health Care	Center for Healthcare Transparency	2014	5676046	multi-year	Grant period: 2014 - 2016
Health Care	Duke University	2016	925165	multi-year	Grant period: 2016 - 2018
Health Care	Evidence for Healthcare Improvement	2015	5232002	multi-year	Grant period: 2015 - 2017
Health Care	Evidence for Healthcare Improvement	2017	13966892	multi-year	Grant period: 2017 - 2020
Health Care	Health Care Cost Institute, Inc.	2014	1461562	multi-year	Grant period: 2014 - 2016
Health Care	Henry J. Kaiser Family Foundation	2016	1060500	multi-year	Grant period: 2016 - 2018
Health Care	Henry J. Kaiser Family Foundation	2017	200000	multi-year	Grant period: 2017 - 2018
Health Care	Initiative for Medicines, Access, & Knowledge, Inc.	2016	209500	year	Grant period: 2016
Health Care	Initiative for Medicines, Access, & Knowledge, Inc.	2017	5735238	multi-year	Grant period: 2017 - 2020
Health Care	Johns Hopkins University	2015	318000	multi-year	Grant period: 2015 - 2017
Health Care	Johns Hopkins University	2016	3586034	multi-year	Grant period: 2016 - 2019
Health Care	Kaiser Foundation Health Plan of Washington	2018	503919	multi-year	Grant period: 2018 - 2021
Health Care	Long-Term Quality Alliance	2016	595503	multi-year	Grant period: 2016 - 2018
Health Care	Maryland Citizens Health Initiative Education Fund, Inc.	2017	150000	multi-year	Grant period: 2017 - 2018
Health Care	Massachusetts Institute of Technology	2015	1481294	multi-year	Grant period: 2015 - 2022
Health Care	Memorial Sloan-Kettering Cancer Center	2015	4394354	multi-year	Grant period: 2015 - 2019
Health Care	National Academy of Sciences	2016	758853	multi-year	Grant period: 2016 - 2018
Health Care	National Bureau of Economic Research, Inc.	2016	475000	multi-year	Grant period: 2016 - 2020
Health Care	National Conference of State Legislatures	2017	264427	multi-year	Grant period: 2017 - 2019
Health Care	National Governors Association Center for Best Practices	2017	200000	multi-year	Grant period: 2017 - 2018
Health Care	National Opinion Research Center	2016	235614	multi-year	Grant period: 2016 - 2018
Health Care	Oregon Health & Science University	2016	1582837	multi-year	Grant period: 2016 - 2017
Health Care	Oregon Health & Science University	2017	2071166	multi-year	Grant period: 2017 - 2020
Health Care	Oregon Health & Science University	2017	599503	multi-year	Grant period: 2017 - 2018
Health Care	Pacific Business Group on Health	2015	1702079	multi-year	Grant period: 2015 - 2018
Health Care	Patients for Affordable Drugs, Inc.	2017	2144000	multi-year	Grant period: 2017 - 2020
Health Care	Patients for Affordable Drugs, Inc.	2017	500000	multi-year	Grant period: 2017 - 2018
Health Care	President and Fellows of Harvard College	2014	180111	year	Grant period: 2014
Health Care	President and Fellows of Harvard College	2014	9901862	multi-year	Grant period: 2014 - 2018
Health Care	President and Fellows of Harvard College	2015	87857	multi-year	Grant period: 2015 - 2016
Health Care	President and Fellows of Harvard College	2016	143763	multi-year	Grant period: 2016 - 2017
Health Care	President and Fellows of Harvard College	2017	9753699	multi-year	Grant period: 2017 - 2021
Health Care	The Alliance for Health Reform	2016	156494	multi-year	Grant period: 2016 - 2017
Health Care	The Chancellor, Masters and Scholars of the University of Oxford	2014	1263807	multi-year	Grant period: 2014 - 2019
Health Care	The Regents of the University of California, Berkeley	2017	795532	multi-year	Grant period: 2017 - 2021
Health Care	The Regents of the University of California, Hastings College of Law	2017	652120	multi-year	Grant period: 2017 - 2020
Health Care	Trustees of Dartmouth College	2015	5498918	multi-year	Grant period: 2015 - 2017
Health Care	Yale University	2015	3023059	multi-year	Grant period: 2015 - 2019
New Initiatives	American Action Forum, Inc.	2017	20000	multi-year	Grant period: 2017 - 2018
New Initiatives	American Council on Capital Formation Center for Policy Research	2017	120000	multi-year	Grant period: 2017 - 2018
New Initiatives	American Enterprise Institute for Public Policy Research	2016	45500	multi-year	Grant period: 2016 - 2017
New Initiatives	American Enterprise Institute for Public Policy Research	2017	20000	multi-year	Grant period: 2017 - 2019
New Initiatives	Arizona State University Foundation for a New American University	2017	36180	year	Grant period: 2017
New Initiatives	BMJ Publishing Group Limited	2015	4000	year	Grant period: 2015
New Initiatives	Better Future Forward, Inc.	2018	348100	multi-year	Grant period: 2018 - 2019
New Initiatives	Bipartisan Policy Center, Inc.	2014	288470	multi-year	Grant period: 2014 - 2015
New Initiatives	Bipartisan Policy Center, Inc.	2017	313529	multi-year	Grant period: 2017 - 2019
New Initiatives	Cal Poly Corporation	2014	1207538	multi-year	Grant period: 2014 - 2016
New Initiatives	Cal Poly Corporation	2016	3963133	multi-year	Grant period: 2016 - 2019
New Initiatives	Campaign Legal Center, Inc.	2016	378672	multi-year	Grant period: 2016 - 2017
New Initiatives	Campaign Legal Center, Inc.	2017	316200	multi-year	Grant period: 2017 - 2018
New Initiatives	Center for Media and Democracy, Inc.	2017	100000	multi-year	Grant period: 2017 - 2018
New Initiatives	Center for Public Integrity	2014	2887644	multi-year	Grant period: 2014 - 2018
New Initiatives	ChangeLab Solutions	2017	131250	multi-year	Grant period: 2017 - 2019
New Initiatives	Citizens Climate Education Corp.	2017	1000000	multi-year	Grant period: 2017 - 2019
New Initiatives	City of Berkeley	2015	90152	year	Grant period: 2015
New Initiatives	City of Houston	2015	9650	multi-year	Grant period: 2015 - 2016
New Initiatives	City of Philadelphia	2016	500000	multi-year	Grant period: 2016 - 2017
New Initiatives	Clean Air Task Force, Inc.	2015	659500	multi-year	Grant period: 2015 - 2017
New Initiatives	Clean Air Task Force, Inc.	2017	1449292	multi-year	Grant period: 2017 - 2019
New Initiatives	Climate Leadership Council, Inc.	2017	1500000	multi-year	Grant period: 2017 - 2019
New Initiatives	Council of the District of Columbia	2014	30000	multi-year	Grant period: 2014 - 2016
New Initiatives	DataKind, Inc.	2014	200000	multi-year	Grant period: 2014 - 2016
New Initiatives	Davidson College	2013	48942	year	Grant period: 2013
New Initiatives	Davidson College	2014	1863512	multi-year	Grant period: 2014 - 2017
New Initiatives	Energy Innovation Reform Project	2015	340500	multi-year	Grant period: 2015 - 2017
New Initiatives	Energy Innovation Reform Project	2017	1000000	multi-year	Grant period: 2017 - 2019
New Initiatives	FairVote	2015	200000	multi-year	Grant period: 2015 - 2016
New Initiatives	FairVote	2015	315000	multi-year	Grant period: 2015 - 2016
New Initiatives	FairVote	2015	92500	year	Grant period: 2015
New Initiatives	FairVote	2016	1806873	multi-year	Grant period: 2016 - 2017
New Initiatives	FairVote	2017	2000000	multi-year	Grant period: 2017 - 2019
New Initiatives	FairVote Minnesota Foundation	2015	137180	multi-year	Grant period: 2015 - 2016
New Initiatives	Foundation for Healthy Generations	2017	61820	multi-year	Grant period: 2017 - 2018
New Initiatives	Fund for the City of New York	2015	1300000	multi-year	Grant period: 2015 - 2018
New Initiatives	George Mason University Foundation, Inc.	2017	400000	multi-year	Grant period: 2017 - 2019
New Initiatives	Georgia Institute of Technology	2017	215000	multi-year	Grant period: 2017 - 2019
New Initiatives	Healthy Food America	2016	1942164	multi-year	Grant period: 2016 - 2017
New Initiatives	Healthy Food America	2017	750000	multi-year	Grant period: 2017 - 2019
New Initiatives	Higher Learning Advocates, Inc.	2017	180058	multi-year	Grant period: 2017 - 2019
New Initiatives	Illinois Public Health Institute	2017	54859	year	Grant period: 2017
New Initiatives	Internet Archive	2015	1930487	multi-year	Grant period: 2015 - 2017
New Initiatives	Investigative News Network	2014	28600	multi-year	Grant period: 2014 - 2015
New Initiatives	Johns Hopkins University	2016	154524	multi-year	Grant period: 2016 - 2018
New Initiatives	MuckRock Foundation, Inc.	2016	163000	multi-year	Grant period: 2016 - 2018
New Initiatives	National Academy of Sciences	2015	20633	multi-year	Grant period: 2015 - 2016
New Initiatives	National Academy of Sciences	2015	430758	multi-year	Grant period: 2015 - 2018
New Initiatives	National Conference of State Legislatures	2016	55916	multi-year	Grant period: 2016 - 2017
New Initiatives	National Conference of State Legislatures	2017	298839	multi-year	Grant period: 2017 - 2020
New Initiatives	National Council on Teacher Quality, Inc.	2015	750000	multi-year	Grant period: 2015 - 2017
New Initiatives	National Student Legal Defense Network	2018	1750000	multi-year	Grant period: 2018 - 2020
New Initiatives	Nuclear Innovation Alliance	2017	543429	multi-year	Grant period: 2017 - 2019
New Initiatives	Nutrition Science Initiative	2012	3577875	multi-year	Grant period: 2012 - 2014
New Initiatives	Nutrition Science Initiative	2013	23199065	multi-year	Grant period: 2013 - 2017
New Initiatives	Nutrition Science Initiative	2015	1224374	multi-year	Grant period: 2015 - 2017
New Initiatives	Nutrition Science Initiative	2016	1003406	multi-year	Grant period: 2016 - 2017
New Initiatives	Oregon Health & Science University	2016	4231660	multi-year	Grant period: 2016 - 2019
New Initiatives	Organ Alliance, Inc.	2015	169566	multi-year	Grant period: 2015 - 2016
New Initiatives	Organ Alliance, Inc.	2016	592500	multi-year	Grant period: 2016 - 2018
New Initiatives	PowerMyLearning, Inc. (Computers for Youth Foundation, Inc.)	2013	6000000	multi-year	Grant period: 2013 - 2016
New Initiatives	President and Fellows of Harvard College	2015	18785	multi-year	Grant period: 2015 - 2016
New Initiatives	President and Fellows of Harvard College	2016	1126787	multi-year	Grant period: 2016 - 2017
New Initiatives	President and Fellows of Harvard College	2017	3297855	multi-year	Grant period: 2017 - 2019
New Initiatives	Prevention Institute	2017	218261	multi-year	Grant period: 2017 - 2018
New Initiatives	Pro Publica, Inc.	2013	2000000	multi-year	Grant period: 2013 - 2015
New Initiatives	Pro Publica, Inc.	2015	2000000	multi-year	Grant period: 2015 - 2017
New Initiatives	Regents of the University of Minnesota	2017	1794765	multi-year	Grant period: 2017 - 2020
New Initiatives	Texas Tribune, Inc.	2014	50000	multi-year	Grant period: 2014 - 2015
New Initiatives	The Century Foundation, Inc.	2015	300000	multi-year	Grant period: 2015 - 2017
New Initiatives	The Century Foundation, Inc.	2017	1024913	multi-year	Grant period: 2017 - 2019
New Initiatives	The Chamberlain Project Foundation	2017	183900	year	Grant period: 2017
New Initiatives	The Cleveland Clinic Foundation	2016	220258	multi-year	Grant period: 2016 - 2018
New Initiatives	The CrossFit Foundation, Inc.	2016	529612	multi-year	Grant period: 2016 - 2018
New Initiatives	The Energy Foundation	2017	4200000	multi-year	Grant period: 2017 - 2019
New Initiatives	The Fund for a Healthier Colorado	2017	25000	multi-year	Grant period: 2017 - 2018
New Initiatives	The Jain Family Institute	2017	280000	multi-year	Grant period: 2017 - 2018
New Initiatives	The Lucy Burns Institute, Inc.	2017	250817	multi-year	Grant period: 2017 - 2020
New Initiatives	The Niskanen Center, Inc.	2017	600000	multi-year	Grant period: 2017 - 2019
New Initiatives	The Project on Government Oversight, Inc.	2015	378985	multi-year	Grant period: 2015 - 2018
New Initiatives	The Regents of the University of California, San Francisco	2013	461358	multi-year	Grant period: 2013 - 2015
New Initiatives	The Regents of the University of California, San Francisco	2017	1603712	multi-year	Grant period: 2017 - 2019
New Initiatives	The Regents of the University of California, San Francisco	2017	2061716	multi-year	Grant period: 2017 - 2021
New Initiatives	The Regents of the University of California, San Francisco	2017	247382	multi-year	Grant period: 2017 - 2019
New Initiatives	Third Way Institute	2014	1000000	multi-year	Grant period: 2014 - 2015
New Initiatives	Third Way Institute	2017	845240	multi-year	Grant period: 2017 - 2019
New Initiatives	Trustees of Columbia University in the City of New York	2015	185474	multi-year	Grant period: 2015 - 2017
New Initiatives	Trustees of Columbia University in the City of New York	2015	416430	multi-year	Grant period: 2015 - 2017
New Initiatives	Trustees of Columbia University in the City of New York	2016	192813	multi-year	Grant period: 2016 - 2018
New Initiatives	US Right to Know	2017	397600	multi-year	Grant period: 2017 - 2019
New Initiatives	University of Georgia Research Foundation, Inc.	2016	62736	multi-year	Grant period: 2016 - 2018
New Initiatives	Urban Institute	2017	701766	multi-year	Grant period: 2017 - 2019
New Initiatives	Veterans Education Success	2017	599500	multi-year	Grant period: 2017 - 2019
New Initiatives	William Marsh Rice University	2013	2700000	multi-year	Grant period: 2013 - 2015
New Initiatives	William Marsh Rice University	2013	52100	year	Grant period: 2013
New Initiatives	William Marsh Rice University	2013	6000000	multi-year	Grant period: 2013 - 2016
New Initiatives	William Marsh Rice University	2013	88700	year	Grant period: 2013
New Initiatives	William Marsh Rice University	2014	9350000	multi-year	Grant period: 2014 - 2016
New Initiatives	edX, Inc.	2014	5000000	multi-year	Grant period: 2014 - 2015
New Initiatives	edX, Inc.	2015	12000000	multi-year	Grant period: 2015 - 2018
Research Integrity	Brigham & Women’s Hospital, Inc.	2014	134337	multi-year	Grant period: 2014 - 2017
Research Integrity	Massachusetts Institute of Technology	2013	71524	multi-year	Grant period: 2013 - 2014
Research Integrity	Massachusetts Institute of Technology	2014	393963	multi-year	Grant period: 2014 - 2017
Research Integrity	Mathematica Policy Research, Inc.	2016	682132	multi-year	Grant period: 2016 - 2017
Research Integrity	President and Fellows of Harvard College	2015	196489	multi-year	Grant period: 2015 - 2016
Research Integrity	President and Fellows of Harvard College	2016	3614937	multi-year	Grant period: 2016 - 2019
Research Integrity	The Match Foundation, Inc.	2015	475520	year	Grant period: 2015
Research Integrity	The Regents of the University of California, San Diego	2013	54226	multi-year	Grant period: 2013 - 2017
Research Integrity	University of Missouri	2013	210028	multi-year	Grant period: 2013 - 2017
Science and Technology	American Association for the Advancement of Science	2014	98889	multi-year	Grant period: 2014 - 2017
Science and Technology	American Geophysical Union	2017	978324	multi-year	Grant period: 2017 - 2019
Science and Technology	American Society for Cell Biology	2016	77183	multi-year	Grant period: 2016 - 2017
Science and Technology	American Society of Transplant Surgeons	2016	958500	multi-year	Grant period: 2016 - 2019
Science and Technology	Amida Technology Solutions, LLC	2016	300000	multi-year	Grant period: 2016 - 2017
Science and Technology	Aspiration	2017	1850000	multi-year	Grant period: 2017 - 2019
Science and Technology	Brigham & Women’s Hospital, Inc.	2015	500000	multi-year	Grant period: 2015 - 2017
Science and Technology	Brigham & Women’s Hospital, Inc.	2017	2015560	multi-year	Grant period: 2017 - 2019
Science and Technology	Center for Open Data Enterprise, Inc.	2016	185000	multi-year	Grant period: 2016 - 2017
Science and Technology	Center for Open Science, Inc.	2013	1926750	multi-year	Grant period: 2013 - 2018
Science and Technology	Center for Open Science, Inc.	2013	197727	multi-year	Grant period: 2013 - 2017
Science and Technology	Center for Open Science, Inc.	2013	204729	multi-year	Grant period: 2013 - 2016
Science and Technology	Center for Open Science, Inc.	2013	5250000	multi-year	Grant period: 2013 - 2017
Science and Technology	Center for Open Science, Inc.	2014	528500	multi-year	Grant period: 2014 - 2018
Science and Technology	Center for Open Science, Inc.	2014	545360	multi-year	Grant period: 2014 - 2017
Science and Technology	Center for Open Science, Inc.	2015	1225000	multi-year	Grant period: 2015 - 2019
Science and Technology	Center for Open Science, Inc.	2015	77310	multi-year	Grant period: 2015 - 2018
Science and Technology	Center for Open Science, Inc.	2015	77952	multi-year	Grant period: 2015 - 2016
Science and Technology	Center for Open Science, Inc.	2016	7500000	multi-year	Grant period: 2016 - 2018
Science and Technology	Children’s Hospital Corporation	2017	13015934	multi-year	Grant period: 2017 - 2021
Science and Technology	Foundation for the National Institute of Health, Inc.	2015	135819	multi-year	Grant period: 2015 - 2016
Science and Technology	Johns Hopkins University	2016	157560	multi-year	Grant period: 2016 - 2018
Science and Technology	Johns Hopkins University	2017	388053	multi-year	Grant period: 2017 - 2019
Science and Technology	Kaggle, Inc.	2016	1000000	multi-year	Grant period: 2016 - 2017
Science and Technology	Massachusetts Institute of Technology	2016	486000	multi-year	Grant period: 2016 - 2019
Science and Technology	National Academy of Sciences	2015	828349	multi-year	Grant period: 2015 - 2018
Science and Technology	National Academy of Sciences	2017	692000	multi-year	Grant period: 2017 - 2018
Science and Technology	National Wildlife Federation	2017	1500000	multi-year	Grant period: 2017 - 2019
Science and Technology	New Venture Fund	2016	162000	multi-year	Grant period: 2016 - 2017
Science and Technology	New Venture Fund	2016	50000	multi-year	Grant period: 2016 - 2017
Science and Technology	New Venture Fund	2017	700000	multi-year	Grant period: 2017 - 2019
Science and Technology	New York University	2016	185000	multi-year	Grant period: 2016 - 2017
Science and Technology	Nordic Cochrane Centre	2014	332489	multi-year	Grant period: 2014 - 2018
Science and Technology	Nordic Cochrane Centre	2015	271903	multi-year	Grant period: 2015 - 2019
Science and Technology	President and Fellows of Harvard College	2014	155000	multi-year	Grant period: 2014 - 2015
Science and Technology	President and Fellows of Harvard College	2016	725000	multi-year	Grant period: 2016 - 2018
Science and Technology	President and Fellows of Harvard College	2016	733571	multi-year	Grant period: 2016 - 2018
Science and Technology	Public.Resource.Org, Inc.	2016	250000	multi-year	Grant period: 2016 - 2018
Science and Technology	Regents of the University of Minnesota	2014	1239273	multi-year	Grant period: 2014 - 2017
Science and Technology	Regents of the University of Minnesota	2016	1660000	multi-year	Grant period: 2016 - 2019
Science and Technology	Sage Bionetworks	2015	914634	multi-year	Grant period: 2015 - 2018
Science and Technology	Sense About Science	2014	1536102	multi-year	Grant period: 2014 - 2017
Science and Technology	Sense About Science	2015	63638	multi-year	Grant period: 2015 - 2017
Science and Technology	Simon Fraser University	2017	74760	multi-year	Grant period: 2017 - 2018
Science and Technology	Stealth Software Technologies Commercial, Inc.	2017	1996840	multi-year	Grant period: 2017 - 2020
Science and Technology	The Aspen Institute, Inc.	2016	215219	multi-year	Grant period: 2016 - 2017
Science and Technology	The Board of Trustees of the Leland Stanford Junior University	2013	4930270	multi-year	Grant period: 2013 - 2017
Science and Technology	The Board of Trustees of the Leland Stanford Junior University	2015	3758595	multi-year	Grant period: 2015 - 2018
Science and Technology	The Board of Trustees of the Leland Stanford Junior University	2017	941413	multi-year	Grant period: 2017 - 2021
Science and Technology	The Center for Advancing Innovation, Inc.	2016	1202667	multi-year	Grant period: 2016 - 2018
Science and Technology	The Center for Scientific Integrity, Inc.	2015	280926	multi-year	Grant period: 2015 - 2017
Science and Technology	The Novim Group	2012	340000	multi-year	Grant period: 2012 - 2014
Science and Technology	The PubPeer Foundation	2016	412800	multi-year	Grant period: 2016 - 2019
Science and Technology	The Regents of the University of California, Berkeley	2015	680119	multi-year	Grant period: 2015 - 2017
Science and Technology	The Regents of the University of California, Berkeley	2016	408719	multi-year	Grant period: 2016 - 2018
Science and Technology	The Regents of the University of California, Berkeley	2016	60530	multi-year	Grant period: 2016 - 2017
Science and Technology	The Regents of the University of California, Los Angeles	2016	491339	multi-year	Grant period: 2016 - 2018
Science and Technology	The Regents of the University of California, San Francisco	2016	97741	multi-year	Grant period: 2016 - 2018
Science and Technology	The Regents of the University of Michigan	2016	155020	multi-year	Grant period: 2016 - 2019
Science and Technology	University of Arizona	2015	357568	multi-year	Grant period: 2015 - 2020
Science and Technology	University of Edinburgh	2015	82860	multi-year	Grant period: 2015 - 2017
Science and Technology	University of Maryland, Baltimore	2017	1442723	multi-year	Grant period: 2017 - 2021
Science and Technology	VI3C	2017	1000000	multi-year	Grant period: 2017 - 2019
Science and Technology	Vivli, Inc.	2017	2000000	multi-year	Grant period: 2017 - 2019
Sustainable Public Finance	50CAN, Inc.	2017	50000	multi-year	Grant period: 2017 - 2018
Sustainable Public Finance	Alabama Policy Institute, Inc.	2014	78000	multi-year	Grant period: 2014 - 2015
Sustainable Public Finance	American Enterprise Institute for Public Policy Research	2015	123970	multi-year	Grant period: 2015 - 2016
Sustainable Public Finance	American Institutes for Research in the Behavioral Sciences	2014	542193	multi-year	Grant period: 2014 - 2016
Sustainable Public Finance	American Institutes for Research in the Behavioral Sciences	2016	190000	multi-year	Grant period: 2016 - 2019
Sustainable Public Finance	Bellwether Education Partners, Inc.	2013	743700	multi-year	Grant period: 2013 - 2015
Sustainable Public Finance	Bellwether Education Partners, Inc.	2015	805787	multi-year	Grant period: 2015 - 2018
Sustainable Public Finance	Bipartisan Policy Center, Inc.	2014	500000	multi-year	Grant period: 2014 - 2015
Sustainable Public Finance	Bipartisan Policy Center, Inc.	2015	500000	multi-year	Grant period: 2015 - 2016
Sustainable Public Finance	Brookings Institution	2012	501003	multi-year	Grant period: 2012 - 2014
Sustainable Public Finance	Brookings Institution	2014	1004491	multi-year	Grant period: 2014 - 2016
Sustainable Public Finance	Brookings Institution	2014	1145551	multi-year	Grant period: 2014 - 2017
Sustainable Public Finance	CUNY Graduate School of Journalism Foundation, Inc.	2015	531093	multi-year	Grant period: 2015 - 2018
Sustainable Public Finance	California Foundation for Fiscal Responsibility	2011	150000	multi-year	Grant period: 2011 - 2012
Sustainable Public Finance	Center for State & Local Government Excellence, Inc.	2013	997979	multi-year	Grant period: 2013 - 2016
Sustainable Public Finance	Colorado Nonprofit Development Center	2016	100000	multi-year	Grant period: 2016 - 2017
Sustainable Public Finance	Colorado Nonprofit Development Center	2017	100000	year	Grant period: 2017
Sustainable Public Finance	Colorado Nonprofit Development Center	2018	125000	multi-year	Grant period: 2018 - 2019
Sustainable Public Finance	Colorado Succeeds	2013	75000	multi-year	Grant period: 2013 - 2015
Sustainable Public Finance	Committee for a Responsible Federal Budget	2015	400000	multi-year	Grant period: 2015 - 2016
Sustainable Public Finance	Cornell University	2017	136900	multi-year	Grant period: 2017 - 2018
Sustainable Public Finance	EdBuild, Inc.	2016	845689	multi-year	Grant period: 2016 - 2019
Sustainable Public Finance	Enterprise Community Partners, Inc.	2017	4000000	multi-year	Grant period: 2017 - 2019
Sustainable Public Finance	Federalist Society for Law & Public Policy Studies	2013	102464	multi-year	Grant period: 2013 - 2014
Sustainable Public Finance	George Mason University Foundation, Inc.	2013	693600	multi-year	Grant period: 2013 - 2014
Sustainable Public Finance	George Mason University Foundation, Inc.	2015	1828885	multi-year	Grant period: 2015 - 2018
Sustainable Public Finance	Georgetown University	2016	50000	multi-year	Grant period: 2016 - 2017
Sustainable Public Finance	Georgia State University Research Foundation, Inc.	2017	150652	multi-year	Grant period: 2017 - 2019
Sustainable Public Finance	Georgia State University Research Foundation, Inc.	2017	151422	multi-year	Grant period: 2017 - 2019
Sustainable Public Finance	Institute for Fiscal Studies	2017	97857	multi-year	Grant period: 2017 - 2018
Sustainable Public Finance	James Madison Institute	2011	186500	year	Grant period: 2011
Sustainable Public Finance	James Madison Institute	2011	79000	multi-year	Grant period: 2011 - 2012
Sustainable Public Finance	Kansas Policy Institute	2011	10000	year	Grant period: 2011
Sustainable Public Finance	MDRC	2015	250000	multi-year	Grant period: 2015 - 2016
Sustainable Public Finance	Manhattan Institute for Policy Research, Inc.	2011	37162	multi-year	Grant period: 2011 - 2012
Sustainable Public Finance	Manhattan Institute for Policy Research, Inc.	2012	30250	multi-year	Grant period: 2012 - 2013
Sustainable Public Finance	Maryland Public Policy Institute, Inc.	2016	75000	multi-year	Grant period: 2016 - 2018
Sustainable Public Finance	Mercatus Center, Inc.	2017	519142	multi-year	Grant period: 2017 - 2020
Sustainable Public Finance	National Alliance for Public Charter Schools	2016	200000	multi-year	Grant period: 2016 - 2018
Sustainable Public Finance	National Council on Teacher Quality, Inc.	2013	20000	multi-year	Grant period: 2013 - 2014
Sustainable Public Finance	National Council on Teacher Quality, Inc.	2013	90000	multi-year	Grant period: 2013 - 2015
Sustainable Public Finance	National Council on Teacher Quality, Inc.	2014	152520	multi-year	Grant period: 2014 - 2016
Sustainable Public Finance	National Council on Teacher Quality, Inc.	2015	206000	multi-year	Grant period: 2015 - 2017
Sustainable Public Finance	North Carolina State University	2017	162045	multi-year	Grant period: 2017 - 2019
Sustainable Public Finance	Oklahoma Council of Public Affairs, Inc.	2013	50000	multi-year	Grant period: 2013 - 2014
Sustainable Public Finance	Pew Charitable Trusts	2012	4850000	multi-year	Grant period: 2012 - 2014
Sustainable Public Finance	Pew Charitable Trusts	2013	2215000	multi-year	Grant period: 2013 - 2016
Sustainable Public Finance	Pew Charitable Trusts	2015	4850000	multi-year	Grant period: 2015 - 2019
Sustainable Public Finance	Pew Charitable Trusts	2016	2835000	multi-year	Grant period: 2016 - 2019
Sustainable Public Finance	Pivot Learning Partners	2017	601087	multi-year	Grant period: 2017 - 2019
Sustainable Public Finance	President and Fellows of Harvard College	2015	91758	multi-year	Grant period: 2015 - 2016
Sustainable Public Finance	President and Fellows of Harvard College	2016	80749	multi-year	Grant period: 2016 - 2017
Sustainable Public Finance	President and Fellows of Harvard College	2017	25000	multi-year	Grant period: 2017 - 2018
Sustainable Public Finance	President and Fellows of Harvard College	2017	89888	multi-year	Grant period: 2017 - 2018
Sustainable Public Finance	RAND Corporation	2016	88346	multi-year	Grant period: 2016 - 2019
Sustainable Public Finance	Reason Foundation	2013	2013000	multi-year	Grant period: 2013 - 2017
Sustainable Public Finance	Reason Foundation	2016	1500000	multi-year	Grant period: 2016 - 2018
Sustainable Public Finance	Reason Foundation	2017	4000000	multi-year	Grant period: 2017 - 2020
Sustainable Public Finance	Regents of the University of Minnesota	2017	473500	multi-year	Grant period: 2017 - 2019
Sustainable Public Finance	San Diego Regional Chamber Foundation	2016	50000	multi-year	Grant period: 2016 - 2017
Sustainable Public Finance	State of California Secure Choice Retirement Savings Program Fund	2014	500000	multi-year	Grant period: 2014 - 2015
Sustainable Public Finance	State of Connecticut	2015	250000	year	Grant period: 2015
Sustainable Public Finance	State of Connecticut	2015	250000	year	Grant period: 2015
Sustainable Public Finance	Texas Public Policy Foundation	2015	50000	multi-year	Grant period: 2015 - 2017
Sustainable Public Finance	Texas Public Policy Foundation	2016	44758	multi-year	Grant period: 2016 - 2017
Sustainable Public Finance	Texas Public Policy Foundation	2017	50431	multi-year	Grant period: 2017 - 2018
Sustainable Public Finance	The Board of Trustees of the Leland Stanford Junior University	2013	160080	year	Grant period: 2013
Sustainable Public Finance	The Board of Trustees of the Leland Stanford Junior University	2016	252823	multi-year	Grant period: 2016 - 2018
Sustainable Public Finance	The Board of Trustees of the Leland Stanford Junior University	2017	88995	multi-year	Grant period: 2017 - 2019
Sustainable Public Finance	The Board of Trustees of the Leland Stanford Junior University	2017	99923	multi-year	Grant period: 2017 - 2019
Sustainable Public Finance	The Lucy Burns Institute, Inc.	2012	282500	multi-year	Grant period: 2012 - 2015
Sustainable Public Finance	The Novim Group	2013	250000	year	Grant period: 2013
Sustainable Public Finance	The Novim Group	2013	250000	year	Grant period: 2013
Sustainable Public Finance	The Novim Group	2013	750000	multi-year	Grant period: 2013 - 2014
Sustainable Public Finance	The Regents of the University of California, Berkeley	2015	408925	multi-year	Grant period: 2015 - 2017
Sustainable Public Finance	The Regents of the University of California, Berkeley	2017	165600	multi-year	Grant period: 2017 - 2020
Sustainable Public Finance	The Regents of the University of California, Irvine	2017	225000	multi-year	Grant period: 2017 - 2021
Sustainable Public Finance	The Research Foundation of State University of New York	2014	993716	multi-year	Grant period: 2014 - 2018
Sustainable Public Finance	The University of Chicago	2016	1750000	multi-year	Grant period: 2016 - 2019
Sustainable Public Finance	The University of Texas at Austin	2016	93449	multi-year	Grant period: 2016 - 2018
Sustainable Public Finance	Thomas B. Fordham Institute	2011	105000	multi-year	Grant period: 2011 - 2013
Sustainable Public Finance	Trustees of Boston College	2014	14573	multi-year	Grant period: 2014 - 2017
Sustainable Public Finance	Trustees of Boston College	2016	129130	multi-year	Grant period: 2016 - 2018
Sustainable Public Finance	Trustees of Boston College	2017	809928	multi-year	Grant period: 2017 - 2020
Sustainable Public Finance	Trustees of the University of Pennsylvania	2017	6615437	multi-year	Grant period: 2017 - 2020
Sustainable Public Finance	United States Common Sense	2014	858419	multi-year	Grant period: 2014 - 2016
Sustainable Public Finance	United States Common Sense	2016	125447	multi-year	Grant period: 2016 - 2017
Sustainable Public Finance	University of Arkansas	2016	93764	multi-year	Grant period: 2016 - 2018
Sustainable Public Finance	University of Colorado Foundation	2014	25000	year	Grant period: 2014
Sustainable Public Finance	University of Houston	2014	21780	year	Grant period: 2014
Sustainable Public Finance	University of Missouri	2014	508824	multi-year	Grant period: 2014 - 2018
Sustainable Public Finance	University of Missouri	2017	317900	multi-year	Grant period: 2017 - 2019
Sustainable Public Finance	University of Washington Foundation	2013	25204	multi-year	Grant period: 2013 - 2014
Sustainable Public Finance	Urban Institute	2013	483525	multi-year	Grant period: 2013 - 2014
Sustainable Public Finance	Urban Institute	2014	1236482	multi-year	Grant period: 2014 - 2016
Sustainable Public Finance	Urban Institute	2015	149617	multi-year	Grant period: 2015 - 2017
Sustainable Public Finance	Urban Institute	2015	176358	multi-year	Grant period: 2015 - 2017
Sustainable Public Finance	Urban Institute	2015	70621	multi-year	Grant period: 2015 - 2016
Sustainable Public Finance	Urban Institute	2015	741482	multi-year	Grant period: 2015 - 2019
Sustainable Public Finance	Urban Institute	2016	10912336	multi-year	Grant period: 2016 - 2019
Sustainable Public Finance	Urban Institute	2016	263803	multi-year	Grant period: 2016 - 2017
Sustainable Public Finance	Urban Institute	2016	700000	multi-year	Grant period: 2016 - 2019
Sustainable Public Finance	Urban Institute	2017	2744707	multi-year	Grant period: 2017 - 2020
Sustainable Public Finance	Volcker Alliance, Inc.	2016	1500000	multi-year	Grant period: 2016 - 2018
Sustainable Public Finance	Washington Policy Center	2013	25000	multi-year	Grant period: 2013 - 2014
